,datetime,open,high,low,close,volume
0,2020-01-01 00:00:00,7189.43,7190.52,7170.15,7171.55,2449.049
1,2020-01-01 01:00:00,7171.43,7225.0,7171.1,7210.24,3865.038
2,2020-01-01 02:00:00,7210.38,7239.3,7206.46,7237.99,3228.365
3,2020-01-01 03:00:00,7237.41,7239.74,7215.0,7221.65,2513.307
4,2020-01-01 04:00:00,7221.8,7225.41,7211.22,7213.86,1176.666
5,2020-01-01 05:00:00,7213.86,7224.09,7213.86,7220.31,928.221
6,2020-01-01 06:00:00,7220.31,7230.0,7217.6,7221.0,1283.557
7,2020-01-01 07:00:00,7220.99,7227.2,7193.52,7205.26,2349.907
8,2020-01-01 08:00:00,7205.26,7206.29,7174.0,7195.24,3385.349
9,2020-01-01 09:00:00,7195.23,7204.99,7182.76,7184.45,1687.285
10,2020-01-01 10:00:00,7184.46,7205.0,7181.43,7197.25,1222.531
11,2020-01-01 11:00:00,7197.27,7234.57,7185.01,7192.65,3741.128
12,2020-01-01 12:00:00,7192.74,7224.26,7191.79,7220.72,2419.669
13,2020-01-01 13:00:00,7220.72,7226.9,7210.0,7215.54,1826.277
14,2020-01-01 14:00:00,7215.49,7228.47,7204.0,7216.8,2546.332
15,2020-01-01 15:00:00,7216.8,7260.43,7215.0,7229.49,4218.25
16,2020-01-01 16:00:00,7229.66,7247.0,7210.81,7241.91,2453.81
17,2020-01-01 17:00:00,7241.91,7248.0,7221.88,7233.8,2477.807
18,2020-01-01 18:00:00,7233.87,7241.95,7222.0,7237.47,1827.668
19,2020-01-01 19:00:00,7237.83,7237.83,7223.15,7226.35,1028.577
20,2020-01-01 20:00:00,7226.56,7242.0,7223.09,7233.3,1476.534
21,2020-01-01 21:00:00,7233.32,7238.79,7225.0,7229.71,1210.884
22,2020-01-01 22:00:00,7229.71,7229.71,7183.26,7195.01,4361.306
23,2020-01-01 23:00:00,7195.0,7199.5,7174.0,7197.57,3123.812
24,2020-01-02 00:00:00,7197.57,7209.59,7182.19,7208.29,1512.807
25,2020-01-02 01:00:00,7208.29,7208.3,7183.01,7188.73,1872.396
26,2020-01-02 02:00:00,7188.64,7188.64,7155.0,7166.56,5106.854
27,2020-01-02 03:00:00,7166.92,7166.92,7121.0,7127.29,4871.843
28,2020-01-02 04:00:00,7126.94,7159.3,7112.06,7139.36,4720.779
29,2020-01-02 05:00:00,7139.65,7149.37,7123.87,7135.44,2392.655
30,2020-01-02 06:00:00,7135.44,7145.36,7119.1,7132.0,2327.214
31,2020-01-02 07:00:00,7132.0,7137.91,7101.0,7107.56,6169.713
32,2020-01-02 08:00:00,7107.53,7153.26,7106.75,7148.56,5149.4
33,2020-01-02 09:00:00,7148.56,7163.99,7133.04,7159.41,3137.868
34,2020-01-02 10:00:00,7159.41,7175.0,7150.58,7157.81,4615.755
35,2020-01-02 11:00:00,7157.35,7164.95,7136.24,7136.24,2448.788
36,2020-01-02 12:00:00,7136.36,7160.0,7136.33,7155.08,1989.615
37,2020-01-02 13:00:00,7155.1,7159.0,7103.0,7127.24,7844.971
38,2020-01-02 14:00:00,7127.5,7154.06,7120.0,7131.0,4008.742
39,2020-01-02 15:00:00,7131.0,7146.85,7115.03,7126.25,2793.228
40,2020-01-02 16:00:00,7126.25,7143.29,7030.0,7049.61,14012.552
41,2020-01-02 17:00:00,7049.62,7050.23,6922.0,6966.86,20436.85
42,2020-01-02 18:00:00,6966.99,6985.0,6947.0,6969.85,5091.415
43,2020-01-02 19:00:00,6970.66,6991.0,6958.0,6979.44,4260.499
44,2020-01-02 20:00:00,6979.45,6980.0,6938.36,6944.95,4156.265
45,2020-01-02 21:00:00,6944.95,6982.83,6944.43,6973.5,2211.264
46,2020-01-02 22:00:00,6973.85,6974.27,6960.0,6970.36,1455.04
47,2020-01-02 23:00:00,6970.61,6970.61,6950.01,6962.04,2709.164
48,2020-01-03 00:00:00,6962.34,6962.8,6906.24,6934.27,4841.639
49,2020-01-03 01:00:00,6934.27,6944.01,6872.78,6884.74,7655.442
50,2020-01-03 02:00:00,6884.72,6960.0,6863.44,6952.58,8368.489
51,2020-01-03 03:00:00,6952.59,6958.5,6935.74,6947.35,2555.491
52,2020-01-03 04:00:00,6947.44,7300.0,6945.84,7204.37,31534.103
53,2020-01-03 05:00:00,7204.86,7244.38,7163.16,7215.59,10344.656
54,2020-01-03 06:00:00,7214.42,7220.0,7185.0,7197.0,5048.502
55,2020-01-03 07:00:00,7197.1,7227.73,7182.42,7198.02,5623.634
56,2020-01-03 08:00:00,7198.02,7300.0,7198.0,7258.0,11949.146
57,2020-01-03 09:00:00,7257.99,7360.76,7254.74,7345.15,15213.265
58,2020-01-03 10:00:00,7345.15,7368.33,7280.44,7310.0,11265.916
59,2020-01-03 11:00:00,7310.0,7344.15,7305.0,7338.11,5591.666
60,2020-01-03 12:00:00,7338.4,7348.52,7306.01,7321.57,5590.826
61,2020-01-03 13:00:00,7321.31,7379.0,7310.85,7346.07,5235.166
62,2020-01-03 14:00:00,7345.74,7359.95,7229.0,7252.7,13087.716
63,2020-01-03 15:00:00,7252.72,7321.56,7250.0,7316.01,5720.751
64,2020-01-03 16:00:00,7315.36,7407.28,7289.06,7383.0,17233.809
65,2020-01-03 17:00:00,7383.0,7400.35,7333.24,7352.9,7599.389
66,2020-01-03 18:00:00,7352.88,7368.22,7327.3,7340.42,4993.164
67,2020-01-03 19:00:00,7340.33,7347.0,7276.35,7338.9,7234.022
68,2020-01-03 20:00:00,7338.91,7359.0,7295.24,7315.05,5327.82
69,2020-01-03 21:00:00,7315.05,7330.0,7257.67,7277.27,5531.272
70,2020-01-03 22:00:00,7277.28,7316.0,7255.84,7296.78,6211.788
71,2020-01-03 23:00:00,7296.64,7342.0,7288.3,7341.72,4735.786
72,2020-01-04 00:00:00,7341.6,7347.02,7283.21,7302.87,4169.558
73,2020-01-04 01:00:00,7303.02,7308.63,7279.0,7305.22,2146.426
74,2020-01-04 02:00:00,7304.97,7325.0,7292.89,7324.13,2018.056
75,2020-01-04 03:00:00,7324.13,7336.5,7314.27,7329.29,2709.515
76,2020-01-04 04:00:00,7329.4,7334.29,7310.0,7330.28,2216.484
77,2020-01-04 05:00:00,7330.81,7368.47,7321.0,7341.0,3894.95
78,2020-01-04 06:00:00,7341.0,7362.15,7335.22,7351.5,3585.856
79,2020-01-04 07:00:00,7350.92,7358.02,7322.45,7344.13,3706.647
80,2020-01-04 08:00:00,7344.11,7359.0,7328.27,7343.0,2428.225
81,2020-01-04 09:00:00,7343.0,7366.0,7336.0,7360.73,2241.483
82,2020-01-04 10:00:00,7360.24,7364.0,7306.0,7314.65,4152.602
83,2020-01-04 11:00:00,7313.81,7336.09,7295.2,7333.07,5391.775
84,2020-01-04 12:00:00,7333.07,7333.54,7300.62,7309.86,2657.678
85,2020-01-04 13:00:00,7309.82,7322.76,7286.16,7299.98,4367.667
86,2020-01-04 14:00:00,7299.98,7320.0,7294.0,7312.96,3081.921
87,2020-01-04 15:00:00,7312.64,7327.51,7301.0,7315.45,2678.253
88,2020-01-04 16:00:00,7315.94,7320.78,7294.14,7304.16,2769.106
89,2020-01-04 17:00:00,7304.15,7349.25,7302.0,7349.04,3923.154
90,2020-01-04 18:00:00,7349.04,7400.0,7269.21,7304.38,15578.14
91,2020-01-04 19:00:00,7303.97,7350.0,7281.0,7331.35,8165.023
92,2020-01-04 20:00:00,7331.87,7349.0,7307.0,7338.47,3861.92
93,2020-01-04 21:00:00,7338.36,7362.87,7330.0,7347.26,3428.551
94,2020-01-04 22:00:00,7347.33,7355.58,7340.0,7347.39,1406.315
95,2020-01-04 23:00:00,7347.39,7358.45,7324.65,7350.71,2006.728
96,2020-01-05 00:00:00,7350.54,7390.73,7350.54,7371.57,6223.858
97,2020-01-05 01:00:00,7371.56,7488.0,7371.56,7458.32,18196.706
98,2020-01-05 02:00:00,7458.38,7481.0,7431.11,7443.33,6222.825
99,2020-01-05 03:00:00,7443.33,7476.98,7438.88,7475.15,3669.822
100,2020-01-05 04:00:00,7475.19,7495.0,7443.46,7456.42,4960.121
101,2020-01-05 05:00:00,7456.4,7465.05,7445.0,7457.48,2471.459
102,2020-01-05 06:00:00,7458.51,7482.14,7440.0,7456.88,3792.257
103,2020-01-05 07:00:00,7456.88,7470.0,7443.06,7462.98,2817.202
104,2020-01-05 08:00:00,7463.42,7470.0,7417.0,7429.69,4476.586
105,2020-01-05 09:00:00,7429.86,7437.4,7385.76,7428.0,7125.213
106,2020-01-05 10:00:00,7427.72,7430.77,7401.38,7415.59,2855.664
107,2020-01-05 11:00:00,7415.62,7438.5,7410.38,7422.48,2549.558
108,2020-01-05 12:00:00,7422.48,7459.69,7421.65,7455.0,4378.745
109,2020-01-05 13:00:00,7455.0,7455.0,7414.13,7428.48,4827.743
110,2020-01-05 14:00:00,7428.78,7441.6,7424.0,7429.85,2011.618
111,2020-01-05 15:00:00,7428.54,7474.21,7427.6,7463.59,4686.482
112,2020-01-05 16:00:00,7463.76,7478.0,7446.5,7457.57,5365.093
113,2020-01-05 17:00:00,7457.57,7467.0,7445.0,7460.41,2306.351
114,2020-01-05 18:00:00,7460.4,7465.55,7420.0,7436.25,3974.287
115,2020-01-05 19:00:00,7436.25,7446.86,7423.29,7441.83,2671.857
116,2020-01-05 20:00:00,7441.9,7441.9,7422.86,7428.73,1708.365
117,2020-01-05 21:00:00,7428.73,7428.76,7361.0,7366.12,7651.424
118,2020-01-05 22:00:00,7366.05,7383.47,7312.0,7353.16,7070.029
119,2020-01-05 23:00:00,7353.01,7360.71,7303.0,7354.36,5752.707
120,2020-01-06 00:00:00,7354.36,7379.79,7345.0,7373.99,4586.732
121,2020-01-06 01:00:00,7374.0,7422.76,7365.0,7420.0,5568.512
122,2020-01-06 02:00:00,7419.95,7569.0,7417.26,7548.63,19309.469
123,2020-01-06 03:00:00,7548.6,7580.08,7485.0,7538.65,12640.192
124,2020-01-06 04:00:00,7538.66,7550.45,7513.3,7526.74,4827.362
125,2020-01-06 05:00:00,7526.75,7539.0,7491.59,7529.72,5044.829
126,2020-01-06 06:00:00,7530.0,7533.16,7509.31,7517.4,2962.553
127,2020-01-06 07:00:00,7517.4,7524.08,7505.0,7505.35,2170.668
128,2020-01-06 08:00:00,7505.36,7550.0,7505.35,7545.0,3999.526
129,2020-01-06 09:00:00,7544.99,7549.0,7514.0,7546.92,4670.812
130,2020-01-06 10:00:00,7546.91,7573.0,7534.06,7555.97,5305.191
131,2020-01-06 11:00:00,7556.18,7576.0,7522.64,7540.0,6909.304
132,2020-01-06 12:00:00,7539.99,7561.0,7533.15,7553.44,3112.548
133,2020-01-06 13:00:00,7553.67,7611.81,7481.74,7524.5,12090.946
134,2020-01-06 14:00:00,7524.83,7555.0,7505.0,7545.15,8067.175
135,2020-01-06 15:00:00,7545.15,7549.36,7510.49,7515.92,4250.518
136,2020-01-06 16:00:00,7516.03,7545.33,7507.0,7526.0,4555.788
137,2020-01-06 17:00:00,7526.0,7558.75,7524.1,7555.41,3857.265
138,2020-01-06 18:00:00,7555.56,7556.09,7523.01,7530.12,2622.301
139,2020-01-06 19:00:00,7529.73,7548.77,7521.04,7537.89,2548.86
140,2020-01-06 20:00:00,7536.72,7555.5,7533.0,7547.79,2404.108
141,2020-01-06 21:00:00,7548.49,7608.0,7545.97,7575.15,7145.073
142,2020-01-06 22:00:00,7574.27,7764.31,7572.24,7710.0,21685.455
143,2020-01-06 23:00:00,7710.0,7808.65,7702.11,7757.39,17815.13
144,2020-01-07 00:00:00,7757.74,8014.91,7757.0,7890.22,40329.984
145,2020-01-07 01:00:00,7890.8,7925.3,7872.34,7908.06,9986.313
146,2020-01-07 02:00:00,7908.06,7945.82,7894.95,7899.61,7521.971
147,2020-01-07 03:00:00,7899.43,7919.79,7891.0,7898.59,3836.17
148,2020-01-07 04:00:00,7899.0,7908.95,7826.18,7845.89,7928.154
149,2020-01-07 05:00:00,7844.28,7882.59,7835.66,7873.0,5215.907
150,2020-01-07 06:00:00,7872.95,7880.04,7855.75,7877.2,3441.377
151,2020-01-07 07:00:00,7877.0,7898.0,7862.28,7886.66,4769.248
152,2020-01-07 08:00:00,7886.95,7909.98,7872.1,7888.0,5300.292
153,2020-01-07 09:00:00,7888.0,7888.05,7860.0,7860.0,2960.147
154,2020-01-07 10:00:00,7860.0,7894.0,7860.0,7892.12,2493.94
155,2020-01-07 11:00:00,7892.36,7969.0,7883.64,7899.86,12580.304
156,2020-01-07 12:00:00,7898.9,7918.19,7850.0,7873.09,12034.93
157,2020-01-07 13:00:00,7872.85,7881.98,7810.0,7853.22,8832.703
158,2020-01-07 14:00:00,7853.95,7888.0,7841.0,7842.98,6156.651
159,2020-01-07 15:00:00,7842.85,7853.12,7746.0,7769.11,13794.025
160,2020-01-07 16:00:00,7769.73,7949.0,7733.0,7916.28,22142.845
161,2020-01-07 17:00:00,7917.69,7957.8,7883.34,7941.6,12040.759
162,2020-01-07 18:00:00,7941.6,8133.0,7923.36,8043.07,27119.226
163,2020-01-07 19:00:00,8044.63,8119.55,8044.62,8077.71,11161.238
164,2020-01-07 20:00:00,8077.71,8181.67,8055.0,8165.99,13468.278
165,2020-01-07 21:00:00,8166.0,8193.0,8007.0,8021.77,19338.925
166,2020-01-07 22:00:00,8023.29,8073.0,7952.0,8055.15,12611.368
167,2020-01-07 23:00:00,8055.16,8215.33,8026.0,8152.49,15744.407
168,2020-01-08 00:00:00,8150.9,8468.42,8144.02,8437.83,39579.939
169,2020-01-08 01:00:00,8435.34,8456.18,8341.79,8376.67,20004.642
170,2020-01-08 02:00:00,8376.3,8429.59,8260.0,8282.0,14793.888
171,2020-01-08 03:00:00,8282.0,8343.0,8246.06,8302.62,14584.564
172,2020-01-08 04:00:00,8302.97,8359.59,8289.13,8347.58,6217.554
173,2020-01-08 05:00:00,8346.9,8381.87,8310.0,8339.26,7107.616
174,2020-01-08 06:00:00,8337.94,8368.88,8320.0,8342.0,4659.483
175,2020-01-08 07:00:00,8342.54,8350.0,8280.0,8301.47,6670.797
176,2020-01-08 08:00:00,8301.5,8333.0,8267.0,8316.94,6050.018
177,2020-01-08 09:00:00,8316.49,8323.4,8276.12,8299.8,5029.864
178,2020-01-08 10:00:00,8299.8,8372.28,8287.67,8330.01,8172.11
179,2020-01-08 11:00:00,8330.01,8379.51,8328.39,8335.28,4804.528
180,2020-01-08 12:00:00,8335.28,8350.25,8278.03,8289.0,6741.599
181,2020-01-08 13:00:00,8289.0,8427.97,8222.0,8389.33,22946.924
182,2020-01-08 14:00:00,8389.34,8390.73,8201.1,8314.97,21617.354
183,2020-01-08 15:00:00,8315.01,8366.02,8239.87,8306.39,12736.049
184,2020-01-08 16:00:00,8308.23,8340.86,8052.96,8119.06,39180.495
185,2020-01-08 17:00:00,8119.12,8129.47,8012.0,8081.71,18274.399
186,2020-01-08 18:00:00,8081.02,8098.77,8040.05,8056.69,6937.503
187,2020-01-08 19:00:00,8056.68,8074.5,7964.41,7965.05,10381.255
188,2020-01-08 20:00:00,7966.97,8065.0,7870.11,8049.77,22512.834
189,2020-01-08 21:00:00,8049.77,8049.77,7966.82,8018.88,8342.569
190,2020-01-08 22:00:00,8019.97,8086.8,7991.16,8077.79,5220.986
191,2020-01-08 23:00:00,8078.62,8129.0,8026.5,8059.84,8658.144
192,2020-01-09 00:00:00,8059.77,8060.0,7932.0,7961.02,11739.684
193,2020-01-09 01:00:00,7961.67,8039.63,7954.0,8008.84,5432.011
194,2020-01-09 02:00:00,8008.84,8029.69,7984.98,7986.45,3855.612
195,2020-01-09 03:00:00,7986.45,7996.7,7937.03,7957.38,5631.66
196,2020-01-09 04:00:00,7958.0,7980.73,7930.0,7971.0,5242.745
197,2020-01-09 05:00:00,7970.0,7970.0,7932.25,7944.07,3702.902
198,2020-01-09 06:00:00,7944.2,7955.01,7898.0,7912.92,6805.239
199,2020-01-09 07:00:00,7912.0,7979.0,7908.01,7953.76,6299.115
200,2020-01-09 08:00:00,7953.99,7960.0,7915.53,7937.0,4307.116
201,2020-01-09 09:00:00,7937.34,7937.34,7862.0,7876.21,10372.609
202,2020-01-09 10:00:00,7875.26,7939.94,7853.63,7897.31,9254.474
203,2020-01-09 11:00:00,7897.26,7903.81,7851.91,7881.53,6481.576
204,2020-01-09 12:00:00,7881.52,7923.7,7874.23,7904.78,6697.912
205,2020-01-09 13:00:00,7905.0,7948.11,7894.15,7900.57,8120.818
206,2020-01-09 14:00:00,7900.51,7922.68,7876.63,7887.75,4352.536
207,2020-01-09 15:00:00,7887.91,7935.98,7887.89,7909.39,4448.491
208,2020-01-09 16:00:00,7909.81,7921.18,7810.0,7819.89,13354.947
209,2020-01-09 17:00:00,7819.87,7847.0,7776.0,7801.73,11138.256
210,2020-01-09 18:00:00,7801.93,7833.99,7791.41,7812.67,4118.609
211,2020-01-09 19:00:00,7813.14,7963.0,7812.67,7921.34,10910.678
212,2020-01-09 20:00:00,7921.6,8006.83,7808.0,7820.59,19020.652
213,2020-01-09 21:00:00,7820.27,7850.0,7750.01,7792.41,14307.096
214,2020-01-09 22:00:00,7792.03,7874.27,7792.03,7812.92,6278.572
215,2020-01-09 23:00:00,7813.0,7835.0,7792.14,7818.59,5389.833
216,2020-01-10 00:00:00,7817.91,7855.0,7814.79,7821.0,4205.993
217,2020-01-10 01:00:00,7821.0,7842.1,7786.35,7805.8,4048.748
218,2020-01-10 02:00:00,7804.98,7825.0,7794.0,7804.0,3371.935
219,2020-01-10 03:00:00,7803.97,7824.0,7767.22,7818.53,4411.645
220,2020-01-10 04:00:00,7818.3,7818.3,7768.0,7796.25,4058.537
221,2020-01-10 05:00:00,7796.25,7796.25,7736.3,7748.25,4732.212
222,2020-01-10 06:00:00,7748.24,7785.0,7718.05,7744.93,9093.149
223,2020-01-10 07:00:00,7745.39,7755.8,7721.65,7752.37,4155.795
224,2020-01-10 08:00:00,7752.31,7752.35,7680.54,7705.85,8298.613
225,2020-01-10 09:00:00,7705.85,7752.58,7691.38,7713.94,7072.064
226,2020-01-10 10:00:00,7713.95,7785.0,7670.0,7770.98,11996.575
227,2020-01-10 11:00:00,7770.99,7854.32,7764.93,7841.02,17009.354
228,2020-01-10 12:00:00,7841.0,7896.52,7808.32,7891.07,11211.415
229,2020-01-10 13:00:00,7890.93,7942.9,7866.0,7868.57,13018.085
230,2020-01-10 14:00:00,7868.0,7983.13,7851.0,7974.99,15042.514
231,2020-01-10 15:00:00,7975.0,8088.0,7944.0,8066.68,19589.156
232,2020-01-10 16:00:00,8068.26,8145.41,7930.06,7950.65,25994.476
233,2020-01-10 17:00:00,7950.97,7980.95,7912.95,7965.57,12268.458
234,2020-01-10 18:00:00,7965.46,8125.0,7965.14,8026.36,20542.031
235,2020-01-10 19:00:00,8026.36,8130.0,7968.1,8064.34,16945.229
236,2020-01-10 20:00:00,8062.68,8107.0,8050.0,8078.75,7770.841
237,2020-01-10 21:00:00,8078.34,8140.0,8006.0,8055.28,12510.184
238,2020-01-10 22:00:00,8055.74,8107.0,7985.38,8094.15,7469.093
239,2020-01-10 23:00:00,8095.06,8210.62,8068.9,8207.09,8967.846
240,2020-01-11 00:00:00,8207.2,8210.0,8131.93,8177.01,8671.101
241,2020-01-11 01:00:00,8177.02,8261.33,8173.24,8213.73,9452.454
242,2020-01-11 02:00:00,8212.59,8225.91,8163.13,8211.11,7536.311
243,2020-01-11 03:00:00,8211.1,8213.78,8141.0,8165.85,5513.545
244,2020-01-11 04:00:00,8165.29,8187.0,8107.0,8123.12,5082.763
245,2020-01-11 05:00:00,8123.69,8123.7,8048.0,8087.64,7494.418
246,2020-01-11 06:00:00,8087.64,8134.56,8060.0,8129.84,6057.497
247,2020-01-11 07:00:00,8128.98,8156.0,8065.0,8079.53,7508.993
248,2020-01-11 08:00:00,8079.17,8102.82,8040.6,8056.21,6763.012
249,2020-01-11 09:00:00,8056.25,8135.26,8055.31,8121.0,5597.273
250,2020-01-11 10:00:00,8121.0,8122.06,8047.0,8057.89,5794.987
251,2020-01-11 11:00:00,8058.52,8080.0,8012.29,8049.81,7035.281
252,2020-01-11 12:00:00,8049.26,8073.8,8020.0,8068.52,4414.204
253,2020-01-11 13:00:00,8068.51,8109.0,8049.0,8094.34,6547.572
254,2020-01-11 14:00:00,8094.3,8120.06,8056.83,8057.65,5283.075
255,2020-01-11 15:00:00,8057.89,8108.55,8055.0,8101.69,4048.645
256,2020-01-11 16:00:00,8101.69,8186.23,8070.56,8172.75,10841.977
257,2020-01-11 17:00:00,8174.12,8219.38,8154.0,8160.0,7526.16
258,2020-01-11 18:00:00,8159.99,8192.23,8140.44,8171.84,4441.939
259,2020-01-11 19:00:00,8171.92,8180.13,8140.88,8153.9,3112.589
260,2020-01-11 20:00:00,8153.37,8188.68,8144.0,8163.45,3592.719
261,2020-01-11 21:00:00,8163.09,8292.19,8065.42,8107.43,15630.199
262,2020-01-11 22:00:00,8108.24,8108.52,8030.0,8082.81,11127.536
263,2020-01-11 23:00:00,8083.12,8084.38,8003.87,8020.56,5667.465
264,2020-01-12 00:00:00,8020.58,8078.59,7956.28,8062.17,11033.208
265,2020-01-12 01:00:00,8061.62,8093.03,8038.0,8065.17,3986.708
266,2020-01-12 02:00:00,8066.35,8119.24,8055.01,8096.51,3787.47
267,2020-01-12 03:00:00,8097.8,8113.91,8066.09,8092.1,2926.727
268,2020-01-12 04:00:00,8092.09,8108.53,8072.0,8073.55,1868.194
269,2020-01-12 05:00:00,8074.4,8112.27,8072.01,8108.23,2420.724
270,2020-01-12 06:00:00,8108.06,8155.0,8084.0,8088.39,5951.06
271,2020-01-12 07:00:00,8088.39,8113.0,8083.13,8097.55,2126.894
272,2020-01-12 08:00:00,8099.33,8148.06,8088.3,8141.01,4540.317
273,2020-01-12 09:00:00,8141.22,8166.72,8123.3,8140.08,4608.443
274,2020-01-12 10:00:00,8140.06,8143.97,8101.4,8124.98,3516.916
275,2020-01-12 11:00:00,8124.93,8134.0,8108.0,8117.73,2017.544
276,2020-01-12 12:00:00,8117.7,8158.0,8117.2,8134.59,4492.92
277,2020-01-12 13:00:00,8135.38,8174.58,8126.0,8164.63,3721.265
278,2020-01-12 14:00:00,8166.3,8186.0,8130.0,8140.2,5380.913
279,2020-01-12 15:00:00,8140.11,8172.0,8140.04,8154.42,2847.291
280,2020-01-12 16:00:00,8154.35,8177.52,8100.0,8107.03,5459.538
281,2020-01-12 17:00:00,8107.02,8195.0,8070.13,8101.86,16066.266
282,2020-01-12 18:00:00,8101.86,8130.0,8083.22,8121.09,3944.591
283,2020-01-12 19:00:00,8121.0,8163.46,8120.65,8132.0,4406.132
284,2020-01-12 20:00:00,8131.99,8151.63,8129.96,8138.9,2077.229
285,2020-01-12 21:00:00,8138.9,8146.0,8088.82,8103.58,2450.326
286,2020-01-12 22:00:00,8103.64,8168.06,8099.36,8159.8,3745.939
287,2020-01-12 23:00:00,8159.91,8189.0,8131.85,8186.7,5253.349
288,2020-01-13 00:00:00,8186.22,8200.0,8146.99,8154.95,4971.077
289,2020-01-13 01:00:00,8155.16,8165.08,8140.0,8157.12,1640.788
290,2020-01-13 02:00:00,8157.52,8162.39,8116.0,8118.16,2420.125
291,2020-01-13 03:00:00,8118.16,8129.63,8090.0,8108.23,4528.785
292,2020-01-13 04:00:00,8107.88,8125.91,8092.11,8120.68,2267.657
293,2020-01-13 05:00:00,8120.24,8120.46,8080.0,8098.16,3051.316
294,2020-01-13 06:00:00,8098.32,8118.0,8053.78,8061.3,4163.994
295,2020-01-13 07:00:00,8063.34,8093.6,8057.81,8074.33,2291.96
296,2020-01-13 08:00:00,8075.0,8135.93,8063.92,8130.99,4145.03
297,2020-01-13 09:00:00,8130.04,8135.54,8087.41,8113.37,3164.544
298,2020-01-13 10:00:00,8113.37,8129.85,8093.1,8125.37,1970.063
299,2020-01-13 11:00:00,8125.19,8135.03,8080.0,8080.0,3016.643
300,2020-01-13 12:00:00,8080.0,8095.0,8055.0,8091.91,5217.766
301,2020-01-13 13:00:00,8092.06,8115.05,8076.39,8087.46,3149.256
302,2020-01-13 14:00:00,8087.24,8098.0,8072.0,8089.02,2213.19
303,2020-01-13 15:00:00,8089.02,8104.0,8070.56,8085.86,1908.429
304,2020-01-13 16:00:00,8085.86,8109.85,8072.0,8107.59,3032.162
305,2020-01-13 17:00:00,8109.15,8132.0,8090.0,8098.35,4006.377
306,2020-01-13 18:00:00,8098.35,8109.1,8089.0,8106.99,1531.294
307,2020-01-13 19:00:00,8107.0,8122.0,8102.94,8111.81,1951.397
308,2020-01-13 20:00:00,8111.82,8165.0,8105.67,8157.8,4992.712
309,2020-01-13 21:00:00,8157.79,8160.0,8121.0,8135.48,2969.535
310,2020-01-13 22:00:00,8135.57,8140.47,8096.98,8116.89,3864.106
311,2020-01-13 23:00:00,8116.89,8138.99,8102.0,8113.0,2113.158
312,2020-01-14 00:00:00,8112.99,8322.94,8109.02,8277.35,16749.756
313,2020-01-14 01:00:00,8277.33,8485.0,8275.11,8440.43,25995.768
314,2020-01-14 02:00:00,8440.42,8440.42,8375.0,8438.64,9534.82
315,2020-01-14 03:00:00,8437.51,8482.44,8383.37,8469.84,9016.829
316,2020-01-14 04:00:00,8469.54,8598.27,8469.4,8530.02,16655.604
317,2020-01-14 05:00:00,8530.02,8550.0,8467.74,8487.42,7642.549
318,2020-01-14 06:00:00,8487.41,8522.55,8474.62,8517.67,4909.531
319,2020-01-14 07:00:00,8517.4,8545.0,8500.8,8515.53,4435.898
320,2020-01-14 08:00:00,8514.95,8542.01,8508.0,8518.0,3565.781
321,2020-01-14 09:00:00,8518.0,8567.9,8484.99,8507.88,8212.83
322,2020-01-14 10:00:00,8507.88,8533.0,8476.0,8524.68,6065.125
323,2020-01-14 11:00:00,8524.1,8537.77,8510.0,8530.24,3427.273
324,2020-01-14 12:00:00,8530.24,8629.9,8479.54,8502.74,20155.197
325,2020-01-14 13:00:00,8504.05,8593.64,8502.64,8592.33,9369.633
326,2020-01-14 14:00:00,8592.31,8749.0,8562.02,8698.64,26904.246
327,2020-01-14 15:00:00,8697.33,8770.0,8637.0,8686.0,14997.034
328,2020-01-14 16:00:00,8686.0,8708.0,8520.0,8684.83,24556.857
329,2020-01-14 17:00:00,8684.81,8833.55,8680.0,8791.09,25628.269
330,2020-01-14 18:00:00,8790.85,8864.99,8680.0,8780.0,18925.539
331,2020-01-14 19:00:00,8779.9,8782.62,8700.0,8776.62,7347.103
332,2020-01-14 20:00:00,8776.61,8776.61,8685.0,8700.0,4969.158
333,2020-01-14 21:00:00,8700.25,8775.0,8678.01,8746.52,5231.191
334,2020-01-14 22:00:00,8744.84,8799.0,8730.0,8747.09,4359.367
335,2020-01-14 23:00:00,8746.37,8893.0,8732.0,8825.0,12122.623
336,2020-01-15 00:00:00,8825.0,8918.5,8710.0,8781.05,21244.984
337,2020-01-15 01:00:00,8783.7,8811.7,8725.0,8787.66,9582.429
338,2020-01-15 02:00:00,8787.65,8841.0,8775.0,8822.18,6526.397
339,2020-01-15 03:00:00,8821.99,8825.0,8730.41,8730.41,7043.57
340,2020-01-15 04:00:00,8730.08,8745.0,8576.46,8605.95,17965.48
341,2020-01-15 05:00:00,8605.61,8671.89,8570.52,8618.36,8658.678
342,2020-01-15 06:00:00,8618.02,8696.88,8612.59,8685.54,6166.101
343,2020-01-15 07:00:00,8685.56,8691.97,8622.84,8631.59,5554.995
344,2020-01-15 08:00:00,8631.38,8678.0,8610.68,8642.31,5855.355
345,2020-01-15 09:00:00,8642.31,8788.0,8640.0,8759.99,7598.086
346,2020-01-15 10:00:00,8759.99,8811.0,8724.84,8801.66,11415.259
347,2020-01-15 11:00:00,8801.67,8805.66,8731.0,8738.06,7181.974
348,2020-01-15 12:00:00,8738.06,8800.0,8727.0,8771.69,8946.68
349,2020-01-15 13:00:00,8771.69,8921.2,8771.69,8893.74,13950.037
350,2020-01-15 14:00:00,8893.74,8904.56,8756.02,8860.0,21001.603
351,2020-01-15 15:00:00,8859.88,8871.51,8744.39,8768.17,15742.605
352,2020-01-15 16:00:00,8768.17,8824.93,8680.42,8783.71,15217.194
353,2020-01-15 17:00:00,8783.72,8808.0,8732.73,8801.77,7863.143
354,2020-01-15 18:00:00,8801.16,8802.42,8720.04,8753.0,7870.598
355,2020-01-15 19:00:00,8753.0,8789.0,8750.0,8766.5,4613.866
356,2020-01-15 20:00:00,8766.5,8848.0,8742.78,8820.14,7844.485
357,2020-01-15 21:00:00,8819.89,8866.3,8796.74,8833.85,7103.705
358,2020-01-15 22:00:00,8836.1,8869.6,8810.0,8864.81,3920.508
359,2020-01-15 23:00:00,8866.12,8884.98,8800.0,8825.3,8766.105
360,2020-01-16 00:00:00,8825.35,8868.21,8716.34,8766.48,12573.928
361,2020-01-16 01:00:00,8766.8,8777.14,8622.0,8672.6,12857.502
362,2020-01-16 02:00:00,8672.6,8709.54,8620.0,8657.0,7775.293
363,2020-01-16 03:00:00,8657.01,8667.77,8596.25,8646.44,8507.559
364,2020-01-16 04:00:00,8647.08,8689.84,8625.0,8659.28,5418.008
365,2020-01-16 05:00:00,8659.89,8733.0,8657.52,8709.66,5227.596
366,2020-01-16 06:00:00,8709.24,8734.88,8682.82,8728.62,4230.375
367,2020-01-16 07:00:00,8729.11,8729.11,8661.46,8688.64,6316.121
368,2020-01-16 08:00:00,8688.65,8728.61,8671.54,8685.37,5223.79
369,2020-01-16 09:00:00,8685.37,8694.0,8610.94,8654.93,8564.749
370,2020-01-16 10:00:00,8654.92,8667.98,8607.05,8665.53,6039.029
371,2020-01-16 11:00:00,8665.49,8731.0,8637.0,8730.35,8798.553
372,2020-01-16 12:00:00,8730.74,8793.77,8699.28,8726.48,11867.153
373,2020-01-16 13:00:00,8726.48,8735.12,8672.0,8702.0,9907.395
374,2020-01-16 14:00:00,8701.2,8707.0,8650.01,8691.92,7641.204
375,2020-01-16 15:00:00,8691.92,8732.86,8676.0,8715.83,5385.044
376,2020-01-16 16:00:00,8715.84,8724.44,8634.0,8666.95,9688.242
377,2020-01-16 17:00:00,8667.0,8728.75,8658.44,8684.05,6866.087
378,2020-01-16 18:00:00,8684.57,8710.0,8664.0,8688.13,4426.513
379,2020-01-16 19:00:00,8685.97,8719.0,8677.0,8709.6,3238.327
380,2020-01-16 20:00:00,8709.61,8757.32,8694.27,8748.42,5009.849
381,2020-01-16 21:00:00,8747.54,8764.95,8675.24,8696.24,6533.667
382,2020-01-16 22:00:00,8696.62,8750.0,8696.38,8727.28,2736.766
383,2020-01-16 23:00:00,8727.28,8754.0,8717.82,8725.08,3126.213
384,2020-01-17 00:00:00,8724.99,8749.0,8680.0,8695.0,5848.213
385,2020-01-17 01:00:00,8695.01,8745.9,8682.0,8745.35,4162.791
386,2020-01-17 02:00:00,8745.35,8784.2,8721.08,8761.13,7370.344
387,2020-01-17 03:00:00,8760.11,8843.49,8756.41,8788.71,10357.816
388,2020-01-17 04:00:00,8789.0,8819.24,8765.0,8817.64,4878.674
389,2020-01-17 05:00:00,8817.9,8905.0,8793.92,8897.56,10803.62
390,2020-01-17 06:00:00,8897.98,9020.0,8860.0,8880.0,22454.919
391,2020-01-17 07:00:00,8879.45,8961.0,8856.34,8944.5,9765.845
392,2020-01-17 08:00:00,8943.99,9009.95,8914.0,8937.07,12332.893
393,2020-01-17 09:00:00,8937.63,8993.35,8930.95,8975.0,6743.234
394,2020-01-17 10:00:00,8975.0,9039.0,8900.0,8945.99,16579.99
395,2020-01-17 11:00:00,8945.99,8972.82,8905.0,8914.51,6106.143
396,2020-01-17 12:00:00,8914.51,8929.7,8800.0,8821.0,15343.609
397,2020-01-17 13:00:00,8821.0,8874.0,8812.87,8860.99,5843.227
398,2020-01-17 14:00:00,8860.53,8860.82,8785.0,8790.9,8505.124
399,2020-01-17 15:00:00,8790.9,8870.0,8785.0,8857.11,5950.625
400,2020-01-17 16:00:00,8857.65,8934.47,8844.54,8882.5,10570.715
401,2020-01-17 17:00:00,8883.56,8923.99,8861.37,8896.98,6634.275
402,2020-01-17 18:00:00,8896.98,8958.47,8889.36,8926.43,7639.027
403,2020-01-17 19:00:00,8926.75,8959.22,8816.14,8883.8,9460.733
404,2020-01-17 20:00:00,8885.08,8937.95,8869.68,8883.91,6961.94
405,2020-01-17 21:00:00,8883.94,8941.89,8881.2,8927.93,3076.631
406,2020-01-17 22:00:00,8928.0,8968.0,8905.71,8944.0,3526.436
407,2020-01-17 23:00:00,8944.1,8967.37,8911.0,8918.72,4800.862
408,2020-01-18 00:00:00,8918.73,8993.91,8858.38,8982.86,8131.197
409,2020-01-18 01:00:00,8982.81,8995.0,8907.04,8948.41,5391.678
410,2020-01-18 02:00:00,8948.41,8955.33,8905.0,8925.96,3614.071
411,2020-01-18 03:00:00,8926.07,8954.0,8905.97,8931.1,2870.03
412,2020-01-18 04:00:00,8931.1,8931.11,8835.0,8852.42,7228.824
413,2020-01-18 05:00:00,8852.42,8880.25,8825.44,8855.3,5252.134
414,2020-01-18 06:00:00,8855.3,8886.0,8816.0,8872.0,4979.064
415,2020-01-18 07:00:00,8872.0,8890.0,8847.15,8852.8,3984.177
416,2020-01-18 08:00:00,8854.79,8875.96,8832.0,8867.08,4562.753
417,2020-01-18 09:00:00,8866.06,8910.0,8860.12,8886.0,4978.638
418,2020-01-18 10:00:00,8886.0,8922.12,8880.84,8894.11,3536.67
419,2020-01-18 11:00:00,8894.12,8896.0,8868.0,8885.99,3603.93
420,2020-01-18 12:00:00,8885.99,8929.9,8885.0,8917.29,4924.623
421,2020-01-18 13:00:00,8917.45,8955.0,8904.0,8925.2,5182.995
422,2020-01-18 14:00:00,8925.92,8968.0,8915.0,8927.43,5779.505
423,2020-01-18 15:00:00,8927.46,8952.92,8877.99,8910.0,6468.951
424,2020-01-18 16:00:00,8909.29,8940.0,8855.0,8889.16,9739.774
425,2020-01-18 17:00:00,8888.91,8919.44,8881.0,8912.5,3998.434
426,2020-01-18 18:00:00,8910.86,8915.07,8885.48,8894.83,3497.712
427,2020-01-18 19:00:00,8893.56,8922.66,8885.0,8914.13,2354.162
428,2020-01-18 20:00:00,8914.24,8924.99,8901.0,8911.99,3060.798
429,2020-01-18 21:00:00,8911.98,8932.41,8905.85,8926.97,2852.687
430,2020-01-18 22:00:00,8926.97,8964.15,8924.5,8959.73,3753.475
431,2020-01-18 23:00:00,8959.99,8968.0,8921.0,8925.0,4962.4
432,2020-01-19 00:00:00,8925.0,8989.0,8898.88,8981.86,9438.224
433,2020-01-19 01:00:00,8981.86,9183.23,8980.0,9154.23,25253.404
434,2020-01-19 02:00:00,9154.46,9193.21,9131.0,9162.79,8161.114
435,2020-01-19 03:00:00,9163.83,9205.3,9149.99,9165.18,7159.685
436,2020-01-19 04:00:00,9165.18,9173.17,9129.27,9157.97,3633.277
437,2020-01-19 05:00:00,9157.96,9166.0,9123.66,9139.16,3741.225
438,2020-01-19 06:00:00,9138.69,9155.0,9065.2,9083.04,7100.389
439,2020-01-19 07:00:00,9081.96,9099.65,9047.95,9092.21,6341.729
440,2020-01-19 08:00:00,9091.84,9124.91,9082.0,9114.44,4445.071
441,2020-01-19 09:00:00,9113.26,9135.0,9065.0,9070.43,5742.982
442,2020-01-19 10:00:00,9070.43,9087.71,9047.7,9048.0,4783.546
443,2020-01-19 11:00:00,9048.6,9048.6,8505.0,8704.84,47250.473
444,2020-01-19 12:00:00,8703.44,8704.82,8572.32,8645.75,15120.277
445,2020-01-19 13:00:00,8645.75,8657.0,8580.0,8641.01,9450.172
446,2020-01-19 14:00:00,8641.54,8665.0,8622.08,8623.54,5557.779
447,2020-01-19 15:00:00,8623.57,8654.46,8602.65,8639.0,4748.614
448,2020-01-19 16:00:00,8639.0,8685.34,8618.17,8652.96,6168.669
449,2020-01-19 17:00:00,8653.08,8677.12,8630.93,8666.62,3797.619
450,2020-01-19 18:00:00,8666.62,8669.78,8635.62,8658.87,3695.887
451,2020-01-19 19:00:00,8658.88,8665.23,8635.85,8655.01,2774.734
452,2020-01-19 20:00:00,8655.14,8665.76,8642.99,8655.35,2308.112
453,2020-01-19 21:00:00,8656.0,8760.93,8650.51,8730.48,9851.226
454,2020-01-19 22:00:00,8730.21,8758.51,8440.91,8649.2,21912.317
455,2020-01-19 23:00:00,8648.1,8729.43,8630.0,8705.85,6878.0
456,2020-01-20 00:00:00,8705.98,8740.0,8633.0,8668.76,10998.346
457,2020-01-20 01:00:00,8668.6,8699.43,8643.25,8653.8,4535.001
458,2020-01-20 02:00:00,8654.55,8680.0,8628.06,8662.44,4300.759
459,2020-01-20 03:00:00,8662.4,8678.71,8645.0,8671.56,2796.152
460,2020-01-20 04:00:00,8671.56,8699.55,8636.22,8646.45,4154.701
461,2020-01-20 05:00:00,8646.01,8696.17,8645.29,8680.05,3807.119
462,2020-01-20 06:00:00,8680.04,8690.0,8666.85,8686.52,2167.312
463,2020-01-20 07:00:00,8686.51,8699.0,8651.0,8668.0,3228.748
464,2020-01-20 08:00:00,8667.98,8686.0,8601.0,8648.08,5153.71
465,2020-01-20 09:00:00,8646.71,8679.0,8646.68,8665.88,3749.329
466,2020-01-20 10:00:00,8665.89,8676.0,8648.1,8660.0,3020.251
467,2020-01-20 11:00:00,8660.0,8669.99,8610.69,8622.74,4197.289
468,2020-01-20 12:00:00,8622.74,8645.0,8550.97,8590.47,10237.416
469,2020-01-20 13:00:00,8590.26,8652.01,8526.06,8612.98,13312.652
470,2020-01-20 14:00:00,8612.1,8675.83,8595.0,8667.31,7941.16
471,2020-01-20 15:00:00,8667.28,8686.0,8643.0,8680.17,5287.256
472,2020-01-20 16:00:00,8680.9,8710.65,8660.81,8675.73,6023.766
473,2020-01-20 17:00:00,8675.74,8680.99,8647.25,8648.82,3422.276
474,2020-01-20 18:00:00,8648.59,8687.0,8645.0,8670.93,3315.463
475,2020-01-20 19:00:00,8671.6,8688.61,8663.93,8678.35,1925.058
476,2020-01-20 20:00:00,8678.63,8685.0,8665.08,8679.99,1704.98
477,2020-01-20 21:00:00,8679.98,8700.11,8671.57,8699.08,1932.146
478,2020-01-20 22:00:00,8698.38,8750.37,8650.0,8660.57,9137.891
479,2020-01-20 23:00:00,8660.52,8686.85,8612.51,8650.0,8812.894
480,2020-01-21 00:00:00,8650.0,8668.0,8621.27,8651.82,5706.821
481,2020-01-21 01:00:00,8650.9,8669.79,8642.36,8661.49,2273.105
482,2020-01-21 02:00:00,8661.55,8682.92,8653.37,8671.0,2327.215
483,2020-01-21 03:00:00,8671.0,8688.0,8664.0,8679.0,1959.806
484,2020-01-21 04:00:00,8679.0,8700.0,8673.7,8675.9,2314.001
485,2020-01-21 05:00:00,8675.8,8685.0,8647.9,8664.99,2589.035
486,2020-01-21 06:00:00,8664.99,8674.39,8645.37,8655.56,2432.655
487,2020-01-21 07:00:00,8655.57,8662.15,8630.0,8639.96,2488.39
488,2020-01-21 08:00:00,8639.96,8672.0,8619.17,8662.99,4961.221
489,2020-01-21 09:00:00,8663.0,8672.0,8633.55,8637.53,2568.238
490,2020-01-21 10:00:00,8637.5,8679.11,8608.71,8665.05,4419.504
491,2020-01-21 11:00:00,8665.6,8684.0,8649.0,8662.99,2978.674
492,2020-01-21 12:00:00,8662.99,8675.0,8640.0,8667.26,2335.404
493,2020-01-21 13:00:00,8667.26,8672.93,8650.7,8667.19,1424.839
494,2020-01-21 14:00:00,8668.2,8668.62,8653.16,8658.76,1434.231
495,2020-01-21 15:00:00,8658.62,8682.7,8646.0,8650.78,2674.935
496,2020-01-21 16:00:00,8650.5,8669.0,8628.19,8650.73,4460.596
497,2020-01-21 17:00:00,8650.54,8660.0,8633.04,8654.4,2226.977
498,2020-01-21 18:00:00,8654.35,8654.95,8624.16,8638.85,2286.082
499,2020-01-21 19:00:00,8638.84,8648.71,8448.6,8536.51,13620.42
500,2020-01-21 20:00:00,8530.75,8720.0,8529.11,8718.71,5358.749981
501,2020-01-21 21:00:00,8719.98,8789.0,8716.67,8729.98,4252.601207
502,2020-01-21 22:00:00,8731.89,8743.16,8682.76,8729.11,1290.889163
503,2020-01-21 23:00:00,8728.8,8764.98,8726.78,8736.03,987.106271
504,2020-01-22 00:00:00,8736.04,8758.08,8722.36,8739.0,1020.100874
505,2020-01-22 01:00:00,8739.03,8743.53,8705.0,8728.77,932.967675
506,2020-01-22 02:00:00,8728.77,8743.57,8701.0,8719.67,745.973588
507,2020-01-22 03:00:00,8719.52,8726.58,8708.02,8715.77,443.067657
508,2020-01-22 04:00:00,8715.0,8743.57,8715.0,8740.0,561.078471
509,2020-01-22 05:00:00,8740.0,8741.57,8716.0,8719.12,606.729983
510,2020-01-22 06:00:00,8720.23,8762.61,8717.8,8754.06,828.928785
511,2020-01-22 07:00:00,8753.66,8818.0,8706.07,8740.27,2896.788689
512,2020-01-22 08:00:00,8740.49,8746.34,8656.0,8678.69,3374.764471
513,2020-01-22 09:00:00,8678.67,8688.99,8643.31,8686.28,1638.063198
514,2020-01-22 10:00:00,8684.56,8686.68,8651.0,8663.36,1303.479686
515,2020-01-22 11:00:00,8662.9,8670.49,8622.0,8659.87,1708.384236
516,2020-01-22 12:00:00,8659.0,8681.08,8641.34,8664.5,1183.327718
517,2020-01-22 13:00:00,8664.5,8669.7,8636.31,8645.0,1175.935457
518,2020-01-22 14:00:00,8645.01,8675.0,8636.97,8654.24,1441.089855
519,2020-01-22 15:00:00,8654.24,8669.42,8648.3,8655.37,786.412248
520,2020-01-22 16:00:00,8655.32,8710.45,8590.0,8686.43,3079.418103
521,2020-01-22 17:00:00,8689.62,8701.07,8661.47,8692.7,1334.780925
522,2020-01-22 18:00:00,8692.7,8694.25,8636.72,8669.56,1057.065091
523,2020-01-22 19:00:00,8669.19,8674.38,8640.0,8670.39,792.695126
524,2020-01-22 20:00:00,8670.0,8674.26,8650.01,8666.32,500.692015
525,2020-01-22 21:00:00,8666.3,8673.63,8653.45,8661.0,472.81239
526,2020-01-22 22:00:00,8660.99,8676.34,8645.8,8657.32,438.391395
527,2020-01-22 23:00:00,8657.12,8686.22,8650.35,8682.36,757.609502
528,2020-01-23 00:00:00,8682.77,8691.81,8640.0,8662.58,872.925775
529,2020-01-23 01:00:00,8662.58,8666.47,8593.48,8599.96,1564.821558
530,2020-01-23 02:00:00,8599.26,8620.0,8568.26,8610.63,1981.267252
531,2020-01-23 03:00:00,8610.45,8615.77,8587.15,8597.23,1223.127511
532,2020-01-23 04:00:00,8598.0,8613.38,8577.88,8590.97,629.064655
533,2020-01-23 05:00:00,8590.4,8591.41,8502.82,8562.88,3208.439354
534,2020-01-23 06:00:00,8562.88,8573.18,8502.0,8535.16,1577.91743
535,2020-01-23 07:00:00,8535.03,8604.78,8507.39,8581.75,1972.193948
536,2020-01-23 08:00:00,8581.71,8624.51,8509.0,8511.0,2835.75621
537,2020-01-23 09:00:00,8511.0,8518.17,8413.38,8440.84,5088.797524
538,2020-01-23 10:00:00,8440.84,8459.45,8400.0,8445.0,2951.232358
539,2020-01-23 11:00:00,8445.0,8475.0,8400.25,8423.0,1903.872346
540,2020-01-23 12:00:00,8422.98,8488.0,8381.91,8420.48,3274.262196
541,2020-01-23 13:00:00,8421.51,8421.52,8333.0,8350.0,2923.495357
542,2020-01-23 14:00:00,8350.0,8388.0,8326.0,8363.0,2322.299384
543,2020-01-23 15:00:00,8363.0,8400.0,8344.89,8359.42,1842.691345
544,2020-01-23 16:00:00,8357.81,8371.0,8325.0,8354.71,2027.623223
545,2020-01-23 17:00:00,8354.85,8380.0,8315.0,8325.75,1678.636819
546,2020-01-23 18:00:00,8325.28,8358.49,8306.39,8339.46,1606.446265
547,2020-01-23 19:00:00,8340.87,8380.0,8337.54,8370.98,1176.33197
548,2020-01-23 20:00:00,8369.9,8379.78,8345.79,8372.39,954.560373
549,2020-01-23 21:00:00,8372.49,8432.79,8366.62,8395.27,1864.790066
550,2020-01-23 22:00:00,8394.53,8445.0,8394.0,8402.74,1326.711288
551,2020-01-23 23:00:00,8403.53,8428.05,8354.18,8404.52,1358.68039
552,2020-01-24 00:00:00,8404.52,8419.86,8386.83,8409.0,955.211286
553,2020-01-24 01:00:00,8409.0,8418.87,8358.36,8360.06,849.407121
554,2020-01-24 02:00:00,8359.46,8368.37,8275.5,8300.76,2660.903482
555,2020-01-24 03:00:00,8301.58,8354.8,8284.82,8320.57,1763.312732
556,2020-01-24 04:00:00,8320.59,8347.82,8295.92,8306.74,1109.205734
557,2020-01-24 05:00:00,8307.86,8342.81,8304.86,8321.86,1026.066188
558,2020-01-24 06:00:00,8320.94,8350.0,8318.76,8345.66,779.822099
559,2020-01-24 07:00:00,8346.03,8353.91,8307.5,8340.0,1163.576236
560,2020-01-24 08:00:00,8338.53,8346.22,8315.95,8332.51,1152.413715
561,2020-01-24 09:00:00,8332.56,8338.95,8260.19,8260.23,2534.58295
562,2020-01-24 10:00:00,8260.2,8313.0,8238.99,8245.47,2352.89919
563,2020-01-24 11:00:00,8245.45,8418.0,8238.0,8412.77,5247.520244
564,2020-01-24 12:00:00,8413.42,8459.99,8369.72,8439.1,3454.182112
565,2020-01-24 13:00:00,8436.53,8480.0,8413.62,8466.27,1936.485916
566,2020-01-24 14:00:00,8466.89,8507.35,8441.56,8468.24,2470.625341
567,2020-01-24 15:00:00,8468.52,8515.0,8440.91,8506.44,2111.125832
568,2020-01-24 16:00:00,8507.8,8528.02,8458.62,8459.1,1943.890903
569,2020-01-24 17:00:00,8459.1,8485.0,8445.14,8472.41,1194.245099
570,2020-01-24 18:00:00,8472.85,8503.72,8469.7,8485.75,1035.121808
571,2020-01-24 19:00:00,8485.54,8524.0,8477.25,8498.76,1291.505834
572,2020-01-24 20:00:00,8498.5,8519.75,8462.1,8486.63,1192.621836
573,2020-01-24 21:00:00,8486.63,8516.67,8475.68,8509.36,821.097383
574,2020-01-24 22:00:00,8508.84,8515.0,8428.51,8466.99,1644.483256
575,2020-01-24 23:00:00,8465.35,8474.48,8413.36,8439.0,997.223232
576,2020-01-25 00:00:00,8438.99,8451.26,8305.0,8309.5,2787.639922
577,2020-01-25 01:00:00,8309.51,8332.96,8254.9,8286.29,2228.656092
578,2020-01-25 02:00:00,8286.27,8330.0,8286.27,8325.17,1051.647586
579,2020-01-25 03:00:00,8325.56,8349.0,8284.35,8297.62,1090.505855
580,2020-01-25 04:00:00,8298.08,8328.82,8282.25,8318.38,759.951839
581,2020-01-25 05:00:00,8318.25,8336.73,8287.26,8330.01,785.602411
582,2020-01-25 06:00:00,8330.0,8357.89,8318.51,8329.99,1043.204534
583,2020-01-25 07:00:00,8330.0,8345.73,8307.97,8316.2,828.284542
584,2020-01-25 08:00:00,8316.72,8382.97,8306.65,8362.46,1227.895239
585,2020-01-25 09:00:00,8362.46,8370.61,8332.0,8348.65,947.002823
586,2020-01-25 10:00:00,8348.65,8367.28,8311.0,8329.93,964.667649
587,2020-01-25 11:00:00,8329.79,8342.62,8312.0,8316.44,1145.041036
588,2020-01-25 12:00:00,8316.44,8339.42,8286.87,8292.31,938.456759
589,2020-01-25 13:00:00,8291.11,8358.94,8288.58,8324.26,1332.906104
590,2020-01-25 14:00:00,8324.26,8353.5,8315.82,8316.7,1019.007153
591,2020-01-25 15:00:00,8317.5,8339.54,8309.0,8335.14,719.454656
592,2020-01-25 16:00:00,8334.6,8358.01,8328.09,8349.65,766.96887
593,2020-01-25 17:00:00,8350.0,8362.75,8330.0,8339.84,592.359602
594,2020-01-25 18:00:00,8337.38,8345.0,8325.0,8341.03,483.22263
595,2020-01-25 19:00:00,8340.9,8375.0,8339.13,8362.91,800.656444
596,2020-01-25 20:00:00,8362.25,8374.1,8349.71,8368.25,567.065299
597,2020-01-25 21:00:00,8368.98,8420.0,8367.91,8391.0,1381.808178
598,2020-01-25 22:00:00,8391.0,8420.0,8346.04,8359.79,1260.923114
599,2020-01-25 23:00:00,8359.47,8386.8,8340.0,8340.58,798.229595
600,2020-01-26 00:00:00,8340.01,8341.78,8293.66,8325.95,1412.919076
601,2020-01-26 01:00:00,8326.49,8353.07,8319.61,8343.88,671.326984
602,2020-01-26 02:00:00,8343.9,8345.84,8321.1,8324.69,443.960226
603,2020-01-26 03:00:00,8324.77,8386.8,8322.74,8368.82,788.816567
604,2020-01-26 04:00:00,8368.21,8374.03,8350.0,8367.17,582.171201
605,2020-01-26 05:00:00,8367.11,8395.0,8364.89,8377.28,811.583701
606,2020-01-26 06:00:00,8378.21,8394.77,8343.2,8354.68,934.421596
607,2020-01-26 07:00:00,8356.24,8389.72,8343.32,8385.17,707.799283
608,2020-01-26 08:00:00,8384.85,8477.77,8382.48,8417.97,3058.498912
609,2020-01-26 09:00:00,8417.2,8444.3,8392.96,8419.97,1296.77005
610,2020-01-26 10:00:00,8419.97,8463.69,8411.11,8446.55,1261.67906
611,2020-01-26 11:00:00,8446.54,8482.8,8431.38,8479.15,1338.392457
612,2020-01-26 12:00:00,8479.15,8488.0,8436.0,8457.27,1086.302466
613,2020-01-26 13:00:00,8457.24,8478.0,8443.0,8454.21,1102.747818
614,2020-01-26 14:00:00,8455.1,8474.0,8440.0,8454.48,898.091151
615,2020-01-26 15:00:00,8454.48,8477.01,8450.0,8459.67,892.543632
616,2020-01-26 16:00:00,8459.66,8511.16,8454.01,8503.0,1633.653118
617,2020-01-26 17:00:00,8503.36,8595.59,8489.52,8578.86,4174.176738
618,2020-01-26 18:00:00,8578.85,8618.0,8561.02,8580.03,2125.287417
619,2020-01-26 19:00:00,8578.69,8587.67,8544.01,8569.1,1537.692645
620,2020-01-26 20:00:00,8566.99,8605.0,8560.83,8568.23,954.445112
621,2020-01-26 21:00:00,8569.83,8610.0,8568.41,8600.84,874.305427
622,2020-01-26 22:00:00,8600.88,8610.0,8550.55,8577.67,1350.39914
623,2020-01-26 23:00:00,8576.54,8618.13,8565.92,8615.0,1192.501387
624,2020-01-27 00:00:00,8614.39,8704.0,8614.39,8667.29,4131.056624
625,2020-01-27 01:00:00,8666.84,8689.69,8651.69,8661.4,1618.800337
626,2020-01-27 02:00:00,8661.42,8668.66,8632.45,8655.49,1244.737061
627,2020-01-27 03:00:00,8656.14,8680.0,8639.2,8670.1,1107.423115
628,2020-01-27 04:00:00,8670.11,8686.86,8633.34,8647.64,1402.804556
629,2020-01-27 05:00:00,8647.59,8661.99,8630.84,8653.3,981.492202
630,2020-01-27 06:00:00,8653.36,8669.65,8639.85,8665.67,772.206844
631,2020-01-27 07:00:00,8666.55,8675.0,8650.62,8658.01,793.900478
632,2020-01-27 08:00:00,8658.01,8660.16,8535.0,8609.86,2648.553965
633,2020-01-27 09:00:00,8609.24,8649.99,8593.99,8641.99,2348.212224
634,2020-01-27 10:00:00,8642.24,8672.77,8624.2,8634.13,1694.671666
635,2020-01-27 11:00:00,8634.13,8750.0,8629.0,8735.67,3141.526325
636,2020-01-27 12:00:00,8735.67,8763.84,8700.41,8746.46,3713.511085
637,2020-01-27 13:00:00,8746.13,8785.0,8730.0,8739.6,2612.717566
638,2020-01-27 14:00:00,8739.6,8759.42,8717.1,8756.47,1588.073787
639,2020-01-27 15:00:00,8756.44,8796.95,8753.65,8779.67,2362.05019
640,2020-01-27 16:00:00,8779.68,8814.08,8749.2,8791.5,2882.289616
641,2020-01-27 17:00:00,8791.5,8810.0,8760.01,8767.06,2061.230512
642,2020-01-27 18:00:00,8767.29,8888.0,8763.0,8883.05,2365.976037
643,2020-01-27 19:00:00,8884.51,8988.0,8860.54,8932.12,6413.120828
644,2020-01-27 20:00:00,8932.11,8987.0,8920.0,8986.71,1757.645422
645,2020-01-27 21:00:00,8986.44,9000.0,8932.0,8964.85,2782.341701
646,2020-01-27 22:00:00,8964.73,8970.0,8890.96,8902.45,1875.379137
647,2020-01-27 23:00:00,8903.99,8954.4,8890.1,8907.57,1673.821718
648,2020-01-28 00:00:00,8907.57,9093.8,8907.56,9069.31,3854.603762
649,2020-01-28 01:00:00,9069.29,9166.0,9069.24,9132.96,5138.752106
650,2020-01-28 02:00:00,9132.96,9149.8,9101.17,9119.79,1748.116504
651,2020-01-28 03:00:00,9119.74,9122.0,9073.91,9111.95,1579.803737
652,2020-01-28 04:00:00,9111.59,9136.76,9043.04,9054.95,2005.844463
653,2020-01-28 05:00:00,9054.96,9078.57,8930.67,9059.1,4394.879605
654,2020-01-28 06:00:00,9058.12,9078.03,8990.0,9016.3,1950.298023
655,2020-01-28 07:00:00,9016.28,9060.41,9004.5,9039.92,1509.536118
656,2020-01-28 08:00:00,9039.68,9041.59,8962.35,8988.5,2582.693418
657,2020-01-28 09:00:00,8988.57,9015.0,8967.97,8975.17,1474.766627
658,2020-01-28 10:00:00,8975.17,9039.22,8942.0,9019.17,2772.726622
659,2020-01-28 11:00:00,9019.17,9117.47,9014.0,9082.13,3730.643453
660,2020-01-28 12:00:00,9081.34,9091.6,9015.0,9049.11,2356.252952
661,2020-01-28 13:00:00,9049.12,9100.0,9033.0,9086.36,2783.439765
662,2020-01-28 14:00:00,9086.45,9188.0,9020.0,9033.93,7065.655289
663,2020-01-28 15:00:00,9035.43,9066.06,8958.0,9024.58,5201.828686
664,2020-01-28 16:00:00,9025.47,9045.88,8967.83,8969.18,3242.660226
665,2020-01-28 17:00:00,8967.85,8999.78,8862.4,8983.03,4573.784707
666,2020-01-28 18:00:00,8983.05,9040.0,8965.38,8998.63,1945.966394
667,2020-01-28 19:00:00,8998.69,9039.84,8976.46,9010.86,1245.255641
668,2020-01-28 20:00:00,9010.23,9090.0,9007.74,9061.5,2295.909052
669,2020-01-28 21:00:00,9061.5,9120.0,9038.69,9050.64,1744.622922
670,2020-01-28 22:00:00,9050.19,9163.5,9045.29,9133.0,1641.758828
671,2020-01-28 23:00:00,9133.0,9400.0,9115.55,9374.21,7745.054865
672,2020-01-29 00:00:00,9375.34,9420.82,9316.0,9331.15,4543.980022
673,2020-01-29 01:00:00,9331.33,9385.0,9326.03,9344.24,2173.836324
674,2020-01-29 02:00:00,9344.24,9362.28,9261.32,9323.11,2106.246684
675,2020-01-29 03:00:00,9324.05,9362.53,9308.01,9343.5,1463.31151
676,2020-01-29 04:00:00,9343.75,9379.93,9314.0,9333.79,1473.55202
677,2020-01-29 05:00:00,9333.49,9362.61,9326.13,9355.07,1360.605642
678,2020-01-29 06:00:00,9354.95,9393.04,9330.0,9332.74,2432.32942
679,2020-01-29 07:00:00,9333.09,9370.07,9317.08,9365.0,2114.972185
680,2020-01-29 08:00:00,9365.0,9387.99,9341.78,9387.11,1514.895049
681,2020-01-29 09:00:00,9387.52,9387.52,9319.2,9332.48,2397.360191
682,2020-01-29 10:00:00,9332.48,9434.94,9257.58,9407.93,4339.587688
683,2020-01-29 11:00:00,9405.35,9416.71,9216.0,9303.15,5254.608054
684,2020-01-29 12:00:00,9303.16,9316.8,9250.05,9280.06,1764.634073
685,2020-01-29 13:00:00,9279.77,9351.5,9265.0,9324.07,2799.870538
686,2020-01-29 14:00:00,9324.07,9345.42,9290.0,9329.08,1391.085474
687,2020-01-29 15:00:00,9329.48,9329.48,9279.35,9285.01,1421.689576
688,2020-01-29 16:00:00,9285.0,9366.0,9265.0,9361.2,2201.44067
689,2020-01-29 17:00:00,9361.21,9375.0,9335.01,9343.81,1799.46672
690,2020-01-29 18:00:00,9343.81,9382.36,9341.91,9372.32,1311.061063
691,2020-01-29 19:00:00,9372.31,9415.0,9322.26,9393.98,2619.730908
692,2020-01-29 20:00:00,9393.73,9414.44,9351.73,9386.46,1560.83288
693,2020-01-29 21:00:00,9386.3,9449.24,9330.0,9377.99,3137.636428
694,2020-01-29 22:00:00,9377.99,9386.81,9309.75,9341.99,1301.006537
695,2020-01-29 23:00:00,9342.0,9363.0,9288.75,9301.53,1380.325466
696,2020-01-30 00:00:00,9301.57,9333.97,9204.44,9278.29,3751.8216
697,2020-01-30 01:00:00,9278.29,9298.28,9252.81,9296.36,1332.618847
698,2020-01-30 02:00:00,9296.26,9296.26,9252.0,9252.0,907.155451
699,2020-01-30 03:00:00,9252.01,9292.0,9247.82,9280.3,987.335448
700,2020-01-30 04:00:00,9281.63,9360.0,9277.23,9329.5,1577.286352
701,2020-01-30 05:00:00,9329.51,9353.36,9316.35,9318.0,1373.28774
702,2020-01-30 06:00:00,9318.0,9350.0,9305.0,9325.32,1163.20264
703,2020-01-30 07:00:00,9327.29,9399.0,9326.16,9391.02,2281.464641
704,2020-01-30 08:00:00,9391.55,9408.36,9356.0,9374.02,2223.286809
705,2020-01-30 09:00:00,9374.03,9391.65,9320.01,9364.49,2117.540068
706,2020-01-30 10:00:00,9364.49,9376.98,9327.0,9334.27,1258.90123
707,2020-01-30 11:00:00,9335.13,9361.21,9315.0,9338.21,1570.948682
708,2020-01-30 12:00:00,9338.21,9395.0,9332.29,9375.58,2135.609786
709,2020-01-30 13:00:00,9375.33,9401.0,9351.73,9386.97,2031.345797
710,2020-01-30 14:00:00,9388.5,9412.35,9306.0,9349.82,2996.472467
711,2020-01-30 15:00:00,9349.82,9391.8,9335.0,9386.88,2364.851188
712,2020-01-30 16:00:00,9385.41,9477.06,9220.0,9370.93,9060.33366
713,2020-01-30 17:00:00,9370.93,9523.4,9370.17,9468.5,7574.314129
714,2020-01-30 18:00:00,9468.5,9530.0,9458.02,9499.28,2951.607024
715,2020-01-30 19:00:00,9499.31,9526.14,9460.0,9506.82,3210.190107
716,2020-01-30 20:00:00,9506.32,9578.0,9486.57,9575.38,3124.691047
717,2020-01-30 21:00:00,9575.22,9578.0,9520.2,9566.05,1592.825163
718,2020-01-30 22:00:00,9565.99,9572.0,9531.01,9563.69,930.311729
719,2020-01-30 23:00:00,9563.69,9577.56,9466.66,9513.21,2109.342654
720,2020-01-31 00:00:00,9511.52,9530.22,9472.86,9473.87,1168.793205
721,2020-01-31 01:00:00,9473.67,9499.71,9440.12,9478.47,1239.489746
722,2020-01-31 02:00:00,9478.48,9479.06,9390.07,9444.35,2150.656428
723,2020-01-31 03:00:00,9444.34,9474.94,9431.29,9444.0,1218.211829
724,2020-01-31 04:00:00,9444.69,9448.68,9400.0,9416.12,1783.373481
725,2020-01-31 05:00:00,9416.51,9432.14,9330.0,9345.53,2263.559288
726,2020-01-31 06:00:00,9345.53,9393.17,9320.0,9379.32,2488.723186
727,2020-01-31 07:00:00,9379.0,9382.39,9329.34,9374.56,1540.458245
728,2020-01-31 08:00:00,9375.5,9409.51,9338.0,9378.3,1716.908944
729,2020-01-31 09:00:00,9378.3,9414.94,9357.04,9359.61,1970.24062
730,2020-01-31 10:00:00,9361.61,9384.91,9270.4,9344.57,3302.176329
731,2020-01-31 11:00:00,9343.83,9347.75,9304.0,9328.41,2625.396795
732,2020-01-31 12:00:00,9328.39,9332.23,9247.1,9282.33,4009.902917
733,2020-01-31 13:00:00,9283.19,9295.6,9210.01,9271.85,3282.664479
734,2020-01-31 14:00:00,9271.5,9300.0,9237.9,9263.18,1991.665112
735,2020-01-31 15:00:00,9264.04,9345.82,9261.66,9339.19,1908.835462
736,2020-01-31 16:00:00,9339.19,9367.5,9256.24,9287.8,2961.661519
737,2020-01-31 17:00:00,9288.84,9316.44,9270.0,9282.5,1340.186709
738,2020-01-31 18:00:00,9282.63,9320.0,9276.29,9318.67,882.727703
739,2020-01-31 19:00:00,9318.96,9320.0,9294.33,9302.67,745.839084
740,2020-01-31 20:00:00,9303.72,9339.97,9300.59,9321.0,984.109607
741,2020-01-31 21:00:00,9321.0,9373.85,9315.34,9366.24,1267.868966
742,2020-01-31 22:00:00,9366.24,9430.0,9342.77,9402.42,1578.744869
743,2020-01-31 23:00:00,9401.63,9419.96,9327.24,9352.89,1129.827829
744,2020-02-01 00:00:00,9351.71,9394.08,9341.17,9383.07,848.817197
745,2020-02-01 01:00:00,9383.35,9435.0,9377.8,9429.86,1090.149201
746,2020-02-01 02:00:00,9428.55,9464.53,9403.27,9441.88,1581.550356
747,2020-02-01 03:00:00,9441.42,9457.14,9390.01,9432.33,1104.475624
748,2020-02-01 04:00:00,9431.75,9449.94,9400.0,9401.42,910.521374
749,2020-02-01 05:00:00,9402.2,9414.37,9377.77,9381.12,924.559928
750,2020-02-01 06:00:00,9381.13,9409.64,9378.85,9398.01,806.704618
751,2020-02-01 07:00:00,9397.54,9454.77,9396.96,9423.01,1488.564777
752,2020-02-01 08:00:00,9423.02,9425.76,9380.0,9384.62,1281.660713
753,2020-02-01 09:00:00,9385.1,9398.71,9355.0,9387.87,1475.341434
754,2020-02-01 10:00:00,9387.44,9407.0,9358.0,9379.55,1078.157454
755,2020-02-01 11:00:00,9379.55,9385.82,9321.41,9354.66,1468.001132
756,2020-02-01 12:00:00,9354.65,9367.64,9281.0,9312.06,1585.115223
757,2020-02-01 13:00:00,9311.64,9372.0,9303.72,9345.35,1543.526786
758,2020-02-01 14:00:00,9345.19,9359.4,9305.0,9350.08,1495.093417
759,2020-02-01 15:00:00,9350.0,9375.0,9330.27,9333.91,1301.347114
760,2020-02-01 16:00:00,9333.73,9407.52,9327.0,9405.8,1637.40867
761,2020-02-01 17:00:00,9405.86,9420.98,9380.94,9381.48,1675.640068
762,2020-02-01 18:00:00,9381.51,9403.0,9356.01,9390.3,1123.995401
763,2020-02-01 19:00:00,9390.55,9392.25,9351.43,9367.09,760.066485
764,2020-02-01 20:00:00,9367.76,9392.05,9353.01,9381.43,934.92248
765,2020-02-01 21:00:00,9381.43,9381.8,9364.06,9379.99,568.284836
766,2020-02-01 22:00:00,9379.4,9407.8,9350.0,9377.87,933.029675
767,2020-02-01 23:00:00,9379.57,9409.99,9376.69,9384.61,961.133391
768,2020-02-02 00:00:00,9384.41,9387.03,9320.0,9328.49,1283.647807
769,2020-02-02 01:00:00,9328.5,9347.81,9307.83,9336.43,1331.233583
770,2020-02-02 02:00:00,9334.81,9336.43,9245.75,9267.83,2678.930281
771,2020-02-02 03:00:00,9267.91,9295.06,9251.18,9266.83,1409.472694
772,2020-02-02 04:00:00,9266.79,9332.72,9120.0,9322.33,5770.974529
773,2020-02-02 05:00:00,9322.89,9346.08,9300.0,9311.43,1768.343172
774,2020-02-02 06:00:00,9310.72,9382.0,9289.08,9361.09,2263.413489
775,2020-02-02 07:00:00,9361.4,9385.0,9350.01,9370.53,1388.633469
776,2020-02-02 08:00:00,9370.53,9400.0,9346.0,9368.06,1377.118837
777,2020-02-02 09:00:00,9367.16,9385.0,9352.5,9380.6,1021.566538
778,2020-02-02 10:00:00,9380.65,9450.0,9380.55,9423.35,3992.773634
779,2020-02-02 11:00:00,9423.44,9443.08,9410.0,9435.54,1314.312734
780,2020-02-02 12:00:00,9435.79,9477.03,9402.04,9421.8,2859.896986
781,2020-02-02 13:00:00,9423.11,9430.56,9396.83,9421.99,1506.805699
782,2020-02-02 14:00:00,9421.84,9458.8,9363.89,9446.86,2425.591176
783,2020-02-02 15:00:00,9446.86,9464.52,9433.68,9446.77,1650.521422
784,2020-02-02 16:00:00,9446.8,9458.19,9417.96,9427.75,1327.293645
785,2020-02-02 17:00:00,9427.75,9449.5,9395.46,9430.73,1873.47372
786,2020-02-02 18:00:00,9430.73,9455.0,9428.02,9442.75,846.337713
787,2020-02-02 19:00:00,9442.01,9460.0,9430.18,9438.08,1357.638562
788,2020-02-02 20:00:00,9437.9,9454.87,9419.38,9437.55,1263.194516
789,2020-02-02 21:00:00,9437.97,9447.24,9425.0,9441.5,674.661758
790,2020-02-02 22:00:00,9440.62,9442.87,9374.53,9380.0,1579.551641
791,2020-02-02 23:00:00,9380.01,9417.39,9322.0,9331.51,2725.524935
792,2020-02-03 00:00:00,9331.59,9420.26,9288.0,9411.09,3413.809771
793,2020-02-03 01:00:00,9411.09,9618.79,9396.37,9510.76,5979.915058
794,2020-02-03 02:00:00,9510.76,9517.43,9320.0,9376.3,5192.015298
795,2020-02-03 03:00:00,9377.57,9397.14,9333.83,9385.59,1944.23249
796,2020-02-03 04:00:00,9386.24,9405.88,9368.43,9392.91,962.090154
797,2020-02-03 05:00:00,9392.91,9426.6,9387.61,9401.8,954.251926
798,2020-02-03 06:00:00,9401.98,9418.0,9385.0,9395.34,998.579359
799,2020-02-03 07:00:00,9396.53,9396.67,9346.09,9368.16,1541.501463
800,2020-02-03 08:00:00,9368.16,9399.42,9351.38,9371.22,1358.660284
801,2020-02-03 09:00:00,9371.87,9374.49,9336.07,9344.16,1762.613296
802,2020-02-03 10:00:00,9344.17,9348.34,9308.19,9312.93,2296.135903
803,2020-02-03 11:00:00,9313.59,9398.99,9303.2,9351.48,2237.173619
804,2020-02-03 12:00:00,9352.0,9373.97,9335.11,9347.12,1279.661819
805,2020-02-03 13:00:00,9347.12,9350.53,9307.0,9331.05,2108.151707
806,2020-02-03 14:00:00,9331.5,9365.79,9302.01,9353.61,2466.718596
807,2020-02-03 15:00:00,9355.13,9355.13,9265.0,9270.0,4612.566473
808,2020-02-03 16:00:00,9270.0,9331.5,9255.0,9263.67,3634.496106
809,2020-02-03 17:00:00,9263.14,9304.02,9234.0,9293.37,2113.021387
810,2020-02-03 18:00:00,9293.29,9317.03,9259.47,9308.37,1313.274045
811,2020-02-03 19:00:00,9308.32,9318.79,9290.14,9316.7,786.586444
812,2020-02-03 20:00:00,9316.04,9344.02,9297.02,9318.04,1071.261295
813,2020-02-03 21:00:00,9318.05,9318.09,9273.55,9287.58,689.351945
814,2020-02-03 22:00:00,9286.47,9303.82,9260.0,9274.05,621.828538
815,2020-02-03 23:00:00,9274.46,9319.99,9251.01,9292.24,1554.236475
816,2020-02-04 00:00:00,9291.35,9350.0,9290.63,9330.09,1695.544006
817,2020-02-04 01:00:00,9330.52,9344.02,9270.0,9275.97,1038.734128
818,2020-02-04 02:00:00,9276.65,9307.69,9276.65,9301.56,869.561115
819,2020-02-04 03:00:00,9301.09,9305.0,9262.14,9282.95,1053.589098
820,2020-02-04 04:00:00,9282.96,9315.91,9255.0,9271.25,1968.356664
821,2020-02-04 05:00:00,9270.27,9295.94,9227.58,9289.34,2610.518341
822,2020-02-04 06:00:00,9288.21,9299.0,9250.0,9274.77,1491.8834
823,2020-02-04 07:00:00,9274.76,9318.89,9257.0,9278.63,2442.973437
824,2020-02-04 08:00:00,9278.63,9297.16,9238.2,9239.8,2240.440765
825,2020-02-04 09:00:00,9239.92,9327.0,9161.0,9172.16,4685.642542
826,2020-02-04 10:00:00,9172.16,9198.96,9153.78,9170.92,2979.676045
827,2020-02-04 11:00:00,9171.64,9249.9,9108.0,9182.81,4651.632847
828,2020-02-04 12:00:00,9182.81,9204.57,9100.0,9133.41,3724.106707
829,2020-02-04 13:00:00,9133.28,9159.66,9093.01,9157.85,2557.694722
830,2020-02-04 14:00:00,9157.85,9171.98,9115.0,9153.51,2350.189615
831,2020-02-04 15:00:00,9154.3,9236.72,9144.0,9206.47,5023.354131
832,2020-02-04 16:00:00,9207.02,9240.0,9200.0,9225.4,2761.219491
833,2020-02-04 17:00:00,9225.41,9232.55,9200.62,9228.0,1389.108261
834,2020-02-04 18:00:00,9228.0,9240.0,9173.9,9195.57,1733.978957
835,2020-02-04 19:00:00,9195.54,9208.0,9176.0,9186.37,1173.523088
836,2020-02-04 20:00:00,9186.72,9205.98,9151.0,9204.64,1559.768837
837,2020-02-04 21:00:00,9204.95,9207.02,9165.29,9169.09,1124.464897
838,2020-02-04 22:00:00,9169.09,9203.09,9161.18,9202.48,1019.121519
839,2020-02-04 23:00:00,9202.15,9220.19,9178.72,9197.02,1163.092653
840,2020-02-05 00:00:00,9197.02,9240.0,9185.0,9224.65,2172.542604
841,2020-02-05 01:00:00,9224.64,9245.87,9189.05,9189.6,1507.046813
842,2020-02-05 02:00:00,9190.97,9229.52,9177.22,9226.98,1121.221137
843,2020-02-05 03:00:00,9226.98,9242.0,9205.89,9239.19,1273.819595
844,2020-02-05 04:00:00,9239.19,9245.0,9216.75,9244.35,1198.457757
845,2020-02-05 05:00:00,9244.61,9289.99,9232.03,9276.43,2872.980215
846,2020-02-05 06:00:00,9277.48,9300.0,9263.84,9267.0,1697.747872
847,2020-02-05 07:00:00,9267.0,9298.0,9256.53,9274.53,1495.999691
848,2020-02-05 08:00:00,9274.39,9276.98,9232.75,9258.53,2021.293633
849,2020-02-05 09:00:00,9258.53,9276.92,9246.15,9254.68,1519.794954
850,2020-02-05 10:00:00,9254.74,9403.68,9250.0,9383.46,6061.860251
851,2020-02-05 11:00:00,9383.46,9421.75,9363.78,9418.48,3537.878903
852,2020-02-05 12:00:00,9419.17,9475.18,9414.35,9451.17,4484.370053
853,2020-02-05 13:00:00,9450.79,9466.65,9410.0,9448.87,2259.990317
854,2020-02-05 14:00:00,9448.87,9479.0,9412.0,9445.62,2113.517106
855,2020-02-05 15:00:00,9445.66,9494.2,9430.45,9485.08,2255.597735
856,2020-02-05 16:00:00,9484.22,9566.19,9472.3,9563.0,4385.833388
857,2020-02-05 17:00:00,9563.0,9568.0,9524.47,9560.52,2099.919742
858,2020-02-05 18:00:00,9560.55,9744.45,9560.0,9657.11,8719.221786
859,2020-02-05 19:00:00,9657.11,9715.0,9631.76,9655.99,2871.879297
860,2020-02-05 20:00:00,9655.93,9698.45,9653.56,9672.87,1738.500268
861,2020-02-05 21:00:00,9673.84,9725.0,9671.93,9692.5,2251.937279
862,2020-02-05 22:00:00,9692.5,9693.71,9608.27,9635.0,3091.75943
863,2020-02-05 23:00:00,9635.01,9671.22,9565.14,9612.04,2117.245789
864,2020-02-06 00:00:00,9612.03,9635.11,9526.35,9550.59,2695.503267
865,2020-02-06 01:00:00,9550.73,9634.99,9540.0,9634.5,1621.533311
866,2020-02-06 02:00:00,9634.83,9635.11,9568.57,9582.97,933.30013
867,2020-02-06 03:00:00,9582.97,9650.0,9571.0,9635.7,1315.80344
868,2020-02-06 04:00:00,9635.2,9653.99,9617.1,9644.84,1499.521232
869,2020-02-06 05:00:00,9644.83,9664.93,9630.0,9637.15,1271.367332
870,2020-02-06 06:00:00,9637.48,9690.0,9607.52,9649.07,2540.366448
871,2020-02-06 07:00:00,9649.81,9697.78,9615.11,9628.8,3327.123159
872,2020-02-06 08:00:00,9629.85,9667.17,9605.55,9645.9,2830.251018
873,2020-02-06 09:00:00,9645.19,9665.0,9619.3,9662.24,1886.17595
874,2020-02-06 10:00:00,9662.24,9698.0,9647.35,9678.5,2003.558105
875,2020-02-06 11:00:00,9677.52,9707.21,9655.0,9698.89,2200.625177
876,2020-02-06 12:00:00,9698.66,9832.32,9698.66,9825.22,7068.208089
877,2020-02-06 13:00:00,9825.21,9862.56,9638.0,9744.19,8723.072389
878,2020-02-06 14:00:00,9744.83,9862.57,9681.44,9824.3,5355.522435
879,2020-02-06 15:00:00,9822.32,9830.0,9756.0,9786.88,2495.354684
880,2020-02-06 16:00:00,9786.87,9839.63,9750.0,9788.64,2471.832516
881,2020-02-06 17:00:00,9789.16,9810.7,9733.41,9771.57,1764.572841
882,2020-02-06 18:00:00,9771.87,9779.93,9717.85,9769.18,1947.460794
883,2020-02-06 19:00:00,9769.18,9778.1,9722.43,9747.29,2015.947828
884,2020-02-06 20:00:00,9747.29,9792.0,9739.17,9783.43,2103.260212
885,2020-02-06 21:00:00,9783.39,9801.98,9740.0,9750.19,2110.322877
886,2020-02-06 22:00:00,9750.23,9765.17,9685.0,9692.7,1814.687263
887,2020-02-06 23:00:00,9692.7,9777.67,9660.0,9772.0,2954.336091
888,2020-02-07 00:00:00,9772.0,9824.48,9752.65,9791.15,2069.663687
889,2020-02-07 01:00:00,9791.15,9829.72,9770.95,9808.04,1566.140468
890,2020-02-07 02:00:00,9808.55,9855.0,9786.17,9800.0,2318.859634
891,2020-02-07 03:00:00,9800.0,9828.47,9775.0,9779.78,1378.228664
892,2020-02-07 04:00:00,9779.73,9813.99,9741.17,9792.12,1551.849744
893,2020-02-07 05:00:00,9791.99,9819.99,9745.02,9756.7,1622.018617
894,2020-02-07 06:00:00,9758.01,9792.99,9745.0,9779.74,1148.687995
895,2020-02-07 07:00:00,9779.74,9810.0,9759.63,9801.83,1827.391805
896,2020-02-07 08:00:00,9801.83,9811.26,9766.31,9773.08,1678.581267
897,2020-02-07 09:00:00,9773.07,9810.0,9773.05,9793.48,1713.890217
898,2020-02-07 10:00:00,9794.38,9838.35,9791.79,9816.57,2946.833431
899,2020-02-07 11:00:00,9816.35,9885.0,9802.67,9809.33,4225.580938
900,2020-02-07 12:00:00,9810.01,9827.55,9730.54,9755.88,3309.64452
901,2020-02-07 13:00:00,9756.42,9800.0,9754.28,9782.04,1310.814879
902,2020-02-07 14:00:00,9782.84,9845.0,9780.0,9823.22,2326.394536
903,2020-02-07 15:00:00,9823.29,9834.99,9781.1,9802.02,1653.146639
904,2020-02-07 16:00:00,9802.01,9836.27,9764.0,9798.39,2337.835603
905,2020-02-07 17:00:00,9798.35,9810.0,9780.0,9781.03,1217.279652
906,2020-02-07 18:00:00,9781.03,9809.96,9780.0,9799.35,898.015116
907,2020-02-07 19:00:00,9799.38,9802.14,9765.0,9775.59,1067.391477
908,2020-02-07 20:00:00,9775.08,9778.88,9740.0,9741.49,1772.806195
909,2020-02-07 21:00:00,9740.6,9778.0,9730.0,9759.0,1916.995182
910,2020-02-07 22:00:00,9758.98,9819.0,9757.82,9810.88,976.169867
911,2020-02-07 23:00:00,9810.64,9831.0,9791.23,9813.73,1131.894499
912,2020-02-08 00:00:00,9813.87,9830.06,9769.81,9790.0,1528.187677
913,2020-02-08 01:00:00,9790.0,9795.4,9760.0,9786.43,1394.706821
914,2020-02-08 02:00:00,9786.42,9790.86,9706.74,9729.08,2399.532675
915,2020-02-08 03:00:00,9729.08,9729.73,9667.11,9714.11,2877.070271
916,2020-02-08 04:00:00,9714.14,9765.0,9700.02,9757.11,1402.87205
917,2020-02-08 05:00:00,9757.32,9780.0,9735.15,9760.99,1771.525738
918,2020-02-08 06:00:00,9761.0,9796.88,9751.81,9762.97,1539.303468
919,2020-02-08 07:00:00,9762.97,9779.09,9754.92,9771.39,1183.518217
920,2020-02-08 08:00:00,9771.39,9821.0,9769.51,9805.49,2088.216645
921,2020-02-08 09:00:00,9805.2,9821.5,9780.0,9809.31,1231.292594
922,2020-02-08 10:00:00,9809.3,9845.0,9791.0,9796.28,2099.544663
923,2020-02-08 11:00:00,9794.91,9817.89,9785.35,9810.02,1180.597643
924,2020-02-08 12:00:00,9810.02,9829.99,9801.15,9810.15,1644.463558
925,2020-02-08 13:00:00,9810.15,9866.0,9750.0,9793.51,4103.538415
926,2020-02-08 14:00:00,9793.5,9849.0,9783.25,9840.99,2861.355062
927,2020-02-08 15:00:00,9842.11,9850.0,9817.17,9829.47,1241.510737
928,2020-02-08 16:00:00,9829.5,9871.0,9810.1,9858.41,2098.288877
929,2020-02-08 17:00:00,9858.33,9888.0,9840.49,9862.19,2313.30564
930,2020-02-08 18:00:00,9862.52,9869.51,9810.62,9841.76,1424.273633
931,2020-02-08 19:00:00,9841.97,9869.43,9841.27,9862.69,1207.113577
932,2020-02-08 20:00:00,9862.15,9870.0,9845.39,9856.87,783.495639
933,2020-02-08 21:00:00,9857.73,9940.0,9856.73,9914.67,2629.675498
934,2020-02-08 22:00:00,9913.02,9929.5,9840.0,9913.26,1764.704039
935,2020-02-08 23:00:00,9913.26,9923.0,9892.5,9895.05,832.750529
936,2020-02-09 00:00:00,9895.04,9947.5,9880.75,9936.95,1430.944116
937,2020-02-09 01:00:00,9937.05,9944.25,9909.56,9938.9,957.502674
938,2020-02-09 03:00:00,9938.86,10052.67,9937.92,10052.63,4894.060253
939,2020-02-09 04:00:00,10052.66,10131.0,10052.22,10091.27,3942.411537
940,2020-02-09 05:00:00,10091.85,10114.25,10040.0,10099.99,2139.40433
941,2020-02-09 06:00:00,10099.99,10123.1,10088.12,10096.76,1762.370825
942,2020-02-09 07:00:00,10096.98,10166.0,10094.87,10127.87,2172.567677
943,2020-02-09 08:00:00,10127.87,10151.04,10086.43,10110.93,2584.184379
944,2020-02-09 09:00:00,10110.93,10141.05,10075.0,10075.0,2375.396706
945,2020-02-09 10:00:00,10075.01,10126.16,10050.0,10121.59,2019.198997
946,2020-02-09 11:00:00,10121.59,10134.0,10100.0,10109.52,1270.85953
947,2020-02-09 12:00:00,10108.61,10145.64,10108.61,10126.5,1269.374331
948,2020-02-09 13:00:00,10126.5,10140.01,10089.05,10098.36,1433.53092
949,2020-02-09 14:00:00,10099.15,10118.44,10060.0,10084.35,1771.297071
950,2020-02-09 15:00:00,10084.43,10125.3,10000.1,10097.1,3323.032084
951,2020-02-09 16:00:00,10097.1,10125.79,10072.16,10112.03,1927.641024
952,2020-02-09 17:00:00,10112.04,10119.0,10075.32,10090.42,1431.706234
953,2020-02-09 18:00:00,10090.98,10093.46,10053.69,10078.3,1321.397831
954,2020-02-09 19:00:00,10078.36,10098.16,10069.96,10074.85,585.453728
955,2020-02-09 20:00:00,10074.85,10088.12,10053.0,10064.3,1256.426741
956,2020-02-09 21:00:00,10064.35,10095.0,10059.53,10084.98,784.649837
957,2020-02-09 22:00:00,10084.88,10126.75,10082.78,10126.17,968.867279
958,2020-02-09 23:00:00,10126.22,10160.0,10119.78,10151.75,1786.197512
959,2020-02-10 00:00:00,10151.72,10188.0,10150.0,10184.19,1767.194315
960,2020-02-10 01:00:00,10184.19,10184.4,10130.0,10133.32,1151.821611
961,2020-02-10 02:00:00,10133.33,10147.26,10080.0,10120.59,2238.188839
962,2020-02-10 03:00:00,10120.4,10120.4,10060.0,10090.47,1750.261272
963,2020-02-10 04:00:00,10090.44,10105.54,10025.2,10055.96,2169.593546
964,2020-02-10 05:00:00,10055.98,10084.14,9756.0,9835.71,5347.821241
965,2020-02-10 06:00:00,9836.14,10021.0,9814.82,9955.91,6020.414834
966,2020-02-10 07:00:00,9956.22,9993.0,9936.96,9968.99,1868.947048
967,2020-02-10 08:00:00,9967.94,9971.48,9860.88,9892.56,2527.986975
968,2020-02-10 09:00:00,9893.78,9893.78,9765.15,9835.2,5580.895146
969,2020-02-10 10:00:00,9835.21,9872.0,9820.79,9847.78,3918.833069
970,2020-02-10 11:00:00,9848.63,9848.98,9765.0,9821.43,3542.078136
971,2020-02-10 12:00:00,9821.41,9848.63,9777.6,9845.86,2649.527579
972,2020-02-10 13:00:00,9847.63,9866.0,9810.99,9822.61,2661.10133
973,2020-02-10 14:00:00,9822.59,9900.0,9812.14,9886.63,2576.400079
974,2020-02-10 15:00:00,9886.67,9925.63,9850.0,9865.05,2818.738623
975,2020-02-10 16:00:00,9865.06,9893.17,9815.73,9832.49,2711.353987
976,2020-02-10 17:00:00,9832.86,9853.77,9812.28,9846.42,1386.578584
977,2020-02-10 18:00:00,9844.99,9860.0,9816.33,9842.26,1191.301607
978,2020-02-10 19:00:00,9842.25,9849.71,9800.02,9829.56,1125.2244
979,2020-02-10 20:00:00,9831.67,9878.05,9827.46,9852.43,1411.650675
980,2020-02-10 21:00:00,9852.08,9875.0,9845.47,9869.6,849.324903
981,2020-02-10 22:00:00,9870.41,9870.41,9813.0,9842.83,1212.893938
982,2020-02-10 23:00:00,9841.8,9894.56,9841.8,9851.83,1094.952882
983,2020-02-11 00:00:00,9851.74,9862.18,9771.86,9779.69,2118.357823
984,2020-02-11 01:00:00,9779.13,9821.26,9700.0,9814.07,3212.749387
985,2020-02-11 02:00:00,9812.51,9821.0,9750.0,9759.76,1260.811162
986,2020-02-11 03:00:00,9759.76,9775.0,9722.24,9733.39,1453.65837
987,2020-02-11 04:00:00,9733.43,9761.63,9715.0,9749.12,1529.174918
988,2020-02-11 05:00:00,9749.11,9784.93,9742.49,9754.01,1161.162737
989,2020-02-11 06:00:00,9754.0,9785.78,9735.14,9765.38,1077.081755
990,2020-02-11 07:00:00,9765.38,9787.07,9727.0,9739.94,1031.892551
991,2020-02-11 08:00:00,9739.87,9789.95,9730.89,9789.88,1652.431749
992,2020-02-11 09:00:00,9788.99,9806.36,9763.16,9780.35,1748.074097
993,2020-02-11 10:00:00,9780.39,9805.0,9762.0,9786.87,1472.933694
994,2020-02-11 11:00:00,9786.89,9815.0,9775.07,9801.04,1469.493933
995,2020-02-11 12:00:00,9801.02,9877.54,9787.88,9847.74,3390.982521
996,2020-02-11 13:00:00,9847.74,9908.0,9846.46,9871.43,2632.360439
997,2020-02-11 14:00:00,9871.43,9901.5,9847.0,9857.95,2344.722329
